[
  {
    "Id": 1,
    "Title": "Build Main TreeView "
  },
  {
    "Id": 2,
    "Title": "Develop File Loader"
  },
  {
    "Id": 3,
    "Title": "Build IKerbalDataObject Editor View"
  },
  {
    "Id": 4,
    "Title": "Build UI features for access to API functions"
  },
  {
    "Id": 5,
    "Title": "Craft > Game and Game > Craft"
  },
  {
    "Id": 6,
    "Title": "Craft > Craft Merge"
  },
  {
    "Id": 7,
    "Title": "Full Craft Export Import"
  },
  {
    "Id": 8,
    "Title": "Log Viewer"
  },
  {
    "Id": 9,
    "Title": "About/Help"
  },
  {
    "Id": 10,
    "Title": "Search"
  },
  {
    "Id": 11,
    "Title": "Switch UI to WinForms"
  },
  {
    "Id": 12,
    "Title": "Part Rescale "
  },
  {
    "Id": 13,
    "Title": "like the app"
  }
]