{
  "WorkItem": {
    "AffectedComponent": {
      "Name": "",
      "DisplayName": ""
    },
    "ClosedComment": "",
    "ClosedDate": "2013-02-16T22:21:57.76-08:00",
    "CommentCount": 0,
    "Custom": null,
    "Description": "Develop main TreeView UI (lazy loaded) for quickly browsing KSP files and data. ",
    "LastUpdatedDate": "2017-11-27T17:48:45.763-08:00",
    "PlannedForRelease": "0.3.0 Alpha (Jeb's Junker)",
    "ReleaseVisibleToPublic": false,
    "Priority": {
      "Name": "Medium",
      "Severity": 100,
      "Id": 2
    },
    "ProjectName": "kerbaledit",
    "ReportedDate": "2013-02-12T09:55:53.793-08:00",
    "Status": {
      "Name": "Closed",
      "Id": 4
    },
    "ReasonClosed": {
      "Name": "Unassigned"
    },
    "Summary": "Build Main TreeView ",
    "Type": {
      "Name": "Task",
      "Id": 2
    },
    "VoteCount": 1,
    "Id": 1
  },
  "FileAttachments": [],
  "Comments": []
}